download,upload,ping
6108747.951786799,2539911.7866211478,16.809
12524444.353037653,2929943.0832885816,15.707
1323475.5740688369,1859290.632359702,36.028
